Nome,Categoria,Telefone,Website,Endereço,Avaliação,Total Avaliações,Latitude,Longitude,Link do Maps
Alerrandro Barros Advogado Criminalista Amapá,,(96) 98121-1828,https://advogadoalerrandrobarros.com.br/,"Av. Diógenes Silva, 2411 - Trem, Macapá - AP, 68900-971","5,0",34,,,https://www.google.com/maps/place/Alerrandro+Barros+Advogado+Criminalista+Amap%C3%A1/data=!4m7!3m6!1s0x8d61e1972c32beb3:0xe4758ad8f7ea3564!8m2!3d0.0261705!4d-51.0769775!16s%2Fg%2F11mbygx9ph!19sChIJs74yLJfhYY0RZDXq99iKdeQ?authuser=0&hl=pt-BR&rclk=1
"IDAM - INSTITUTO DE DIREITO, ADVOCACIA E GESTÃO DA AMAZÔNIA",,(96) 99127-8295,https://idam.com.br/,"Av. Henrique Galucio, 1081 - Altos - Centro, Macapá - AP, 68900-115","5,0",20,,,"https://www.google.com/maps/place/IDAM+-+INSTITUTO+DE+DIREITO,+ADVOCACIA+E+GEST%C3%83O+DA+AMAZ%C3%94NIA/data=!4m7!3m6!1s0x8d61e7bea75239c5:0x3a8fc9ec87c7b436!8m2!3d0.0310274!4d-51.060123!16s%2Fg%2F11jmy50vz6!19sChIJxTlSp77nYY0RNrTHh-zJjzo?authuser=0&hl=pt-BR&rclk=1"
Sousa Advogados | Advocacia Previdenciária e Trabalhista,,0800 343 1000,https://sousaadvogados.adv.br/,"Av. Felíciano Coelho, 976 - A - Trem, Macapá - AP, 68901-025","4,9",434,,,https://www.google.com/maps/place/Sousa+Advogados+%7C+Advocacia+Previdenci%C3%A1ria+e+Trabalhista/data=!4m7!3m6!1s0x8d61e17945c3412b:0x2bff4f0164e9c309!8m2!3d0.0293689!4d-51.0624589!16s%2Fg%2F11fn7j0_2p!19sChIJK0HDRXnhYY0RCcPpZAFP_ys?authuser=0&hl=pt-BR&rclk=1
Emmanuel Dante Advocacia e Assessoramento - OAB/AP 1309,,(96) 99169-6828,https://emmanueldante.adv.br/,"Av. dos Guaranís, 296 - Beirol, Macapá - AP, 68902-160","4,8",9,,,https://www.google.com/maps/place/Emmanuel+Dante+Advocacia+e+Assessoramento+-+OAB%2FAP+1309/data=!4m7!3m6!1s0x8d61e110c50c1fb5:0xbc26e9687ee4fdfa!8m2!3d0.0157316!4d-51.0644351!16s%2Fg%2F11dyxbbrn7!19sChIJtR8MxRDhYY0R-v3kfmjpJrw?authuser=0&hl=pt-BR&rclk=1
Wagner Advogados Associados,,(96) 98112-0111,http://www.wagner.adv.br/,"Av. Machado de Assis, 328 - Central, Macapá - AP, 68900-066","4,4",128,,,https://www.google.com/maps/place/Wagner+Advogados+Associados/data=!4m7!3m6!1s0x8d61e1a7fdab6d11:0x4fb5d283a9d6fcbd!8m2!3d0.0403257!4d-51.0628628!16s%2Fg%2F11btn14vq4!19sChIJEW2r_afhYY0RvfzWqYPStU8?authuser=0&hl=pt-BR&rclk=1
Celso Maciel | Advocacia Trabalhista,,(96) 98131-8158,https://wa.me/+5596981318158,"Av. Salgado Filho, 140 - Central, Macapá - AP, 68900-032","5,0",18,,,https://www.google.com/maps/place/Celso+Maciel+%7C+Advocacia+Trabalhista/data=!4m7!3m6!1s0x8d61e1247cfd6003:0x80befc378dfc336f!8m2!3d0.033439!4d-51.0658215!16s%2Fg%2F11x8_l_101!19sChIJA2D9fCThYY0RbzP8jTf8voA?authuser=0&hl=pt-BR&rclk=1
Bruno Teles | Advogado Criminalista em Macapá,,(96) 98119-4416,,"Rua Dr. Marcelo Cândia, 1392 - Santa Rita, Macapá - AP, 68902-000","5,0",4,0.0326883,-51.0750558,"https://www.google.com/maps/place/Bruno+Teles+%7C+Advogado+Criminalista+em+Macap%C3%A1/@0.0326883,-51.0750558,17z/data=!3m1!4b1!4m6!3m5!1s0x8d61e19ce11b9717:0xe0dc5cf8bb906ec6!8m2!3d0.0326883!4d-51.0750558!16s%2Fg%2F11h4k72zpq?authuser=0&hl=pt-BR&entry=ttu&g_ep=EgoyMDI2MDUxMy4wIKXMDSoASAFQAw%3D%3D"
AMORIM & LOURENÇO -ADVOGADOS-,,(96) 98484-8484,,"Av. Gen. Gurjão, 414 - Central, Macapá - AP, 68900-050","4,6",51,0.0363856,-51.0544548,"https://www.google.com/maps/place/AMORIM+%26+LOUREN%C3%87O+-ADVOGADOS-/@0.0363856,-51.0544548,17z/data=!3m1!4b1!4m6!3m5!1s0x8d61e11d53740001:0x8815a5ef1d0e367b!8m2!3d0.0363856!4d-51.0544548!16s%2Fg%2F11vlx13dmq?authuser=0&hl=pt-BR&entry=ttu&g_ep=EgoyMDI2MDUxMy4wIKXMDSoASAFQAw%3D%3D"
Jean Ferreira - Advogados,,(96) 98131-2707,https://jeanferreiraadv.com.br/,"Av. Profa. Cora de Carvalho, 662 - Central, Macapá - AP, 68900-040","5,0",182,,,https://www.google.com/maps/place/Jean+Ferreira+-+Advogados/data=!4m7!3m6!1s0x8d61e1ff9951cd3b:0xd99bad3c1a862ab1!8m2!3d0.0355065!4d-51.0549033!16s%2Fg%2F11w1x2shym!19sChIJO81Rmf_hYY0RsSqGGjytm9k?authuser=0&hl=pt-BR&rclk=1
Escritório de Advocacia Diony Melo,,(96) 98122-5533,,"Av. 13 de Setembro, 1075-d - 1075-d - Buritizal, Macapá - AP, 68902-865","5,0",19,0.022428,-51.0669436,"https://www.google.com/maps/place/Escrit%C3%B3rio+de+Advocacia+Diony+Melo/@0.022428,-51.0669436,17z/data=!3m1!4b1!4m6!3m5!1s0x8d61e15e2243c929:0x1a84dc32eb322665!8m2!3d0.022428!4d-51.0669436!16s%2Fg%2F11rq5hv8zl?authuser=0&hl=pt-BR&entry=ttu&g_ep=EgoyMDI2MDUxMy4wIKXMDSoASAFQAw%3D%3D"
DIAS & KUBCHEK ADVOGADOS,,(96) 99913-7616,,"R. Mamoeiro, 1195 - Renascer, Macapá - AP, 68901-283","5,0",259,0.0810961,-51.0547146,"https://www.google.com/maps/place/DIAS+%26+KUBCHEK+ADVOGADOS/@0.0810961,-51.0547146,17z/data=!3m1!4b1!4m6!3m5!1s0x8d61e76bc0b3d4d3:0x7a01b5b0dacd415a!8m2!3d0.0810961!4d-51.0547146!16s%2Fg%2F11h9930hnl?authuser=0&hl=pt-BR&entry=ttu&g_ep=EgoyMDI2MDUxMy4wIKXMDSoASAFQAw%3D%3D"
Advogado yuri,,(96) 98133-0251,https://wa.me/5596981330252,"Av. Equatorial, 1464 - Araxá, Macapá - AP, 68903-361","5,0",24,,,https://www.google.com/maps/place/Advogado+yuri/data=!4m7!3m6!1s0x8d61e1df5b8d38e9:0x5013a2a988addab6!8m2!3d0.0005174!4d-51.070567!16s%2Fg%2F11gfd44vg5!19sChIJ6TiNW9_hYY0RttqtiKmiE1A?authuser=0&hl=pt-BR&rclk=1
Advogado Saulo Coutinho,,(96) 99199-3420,https://www.advsaulocoutinho.com.br/,"R. Gen. Rondon, 1385 - Centro, Macapá - AP, 68900-082","4,9",41,,,https://www.google.com/maps/place/Advogado+Saulo+Coutinho/data=!4m7!3m6!1s0x8d61e1c29de4104d:0xeef4d83d343ccfd3!8m2!3d0.0402073!4d-51.0547707!16s%2Fg%2F11sg_xthz2!19sChIJTRDkncLhYY0R0888ND3Y9O4?authuser=0&hl=pt-BR&rclk=1
Advogado Jean Dias,,(96) 98434-5448,,"Av. Fab, 1708 - Central, Macapá - AP, 68900-073","4,1",38,0.041349,-51.0650992,"https://www.google.com/maps/place/Advogado+Jean+Dias/@0.041349,-51.0650992,17z/data=!3m1!4b1!4m6!3m5!1s0x8d61e1151b805ae3:0x8c2b2b108e79c86e!8m2!3d0.041349!4d-51.0650992!16s%2Fg%2F1tp0956w?authuser=0&hl=pt-BR&entry=ttu&g_ep=EgoyMDI2MDUxMy4wIKXMDSoASAFQAw%3D%3D"
Advogado Rafael Peçanha de Oliveira,,(96) 99188-1409,http://xn--peanhadeoliveiraadvocacia-ugc.com/?utm_source=gmb&utm_medium=referral,"Av. Pedro Baião, 1720 - A - Universidade, Macapá - AP, 68903-753","3,8",4,,,https://www.google.com/maps/place/Advogado+Rafael+Pe%C3%A7anha+de+Oliveira/data=!4m7!3m6!1s0x929e1fb6851ec6ff:0x85452e034753e451!8m2!3d0.0305993!4d-51.0696665!16s%2Fg%2F11rf6sr45p!19sChIJ_8YehbYfnpIRUeRTRwMuRYU?authuser=0&hl=pt-BR&rclk=1
Giusti e Marinho Advocacia,,(96) 98409-3839,,"Acelino de Leão, 607 - Centro, Macapá - AP, 68900-116","5,0",1,0.026312,-51.060988,"https://www.google.com/maps/place/Giusti+e+Marinho+Advocacia/@0.026312,-51.060988,17z/data=!3m1!4b1!4m6!3m5!1s0x8d61e1c131f23ae7:0x3e77144ea5c08b84!8m2!3d0.026312!4d-51.060988!16s%2Fg%2F11mvmvcrt_?authuser=0&hl=pt-BR&entry=ttu&g_ep=EgoyMDI2MDUxMy4wIKXMDSoASAFQAw%3D%3D"
Bianca Holanda Advocacia,,(96) 99126-5687,,"av raimundo alvares da costa 581, Av. Raimundo Álvares da Costa, 581 b - centro, Macapá - AP, 68900-074","5,0",160,0.0420301,-51.0555436,"https://www.google.com/maps/place/Bianca+Holanda+Advocacia/@0.0420301,-51.0555436,17z/data=!3m1!4b1!4m6!3m5!1s0x8d61e132b23e8f3b:0xeb5a7010abe7ea75!8m2!3d0.0420301!4d-51.0555436!16s%2Fg%2F11m75r78h7?authuser=0&hl=pt-BR&entry=ttu&g_ep=EgoyMDI2MDUxMy4wIKXMDSoASAFQAw%3D%3D"
SILVIA MOREIRA ADVOGADOS ASSOCIADOS,,(96) 99132-7966,https://silviamoreiraadvogados.com.br/,"R. Jovino Dinoá, 1489 - B - CENTRO, Macapá - AP, 68900-075","5,0",50,,,https://www.google.com/maps/place/SILVIA+MOREIRA+ADVOGADOS+ASSOCIADOS/data=!4m7!3m6!1s0x8d61e1a4ca110e5d:0x3fc10ba127d7e7da!8m2!3d0.0388357!4d-51.0598499!16s%2Fg%2F11rnntzd8z!19sChIJXQ4RyqThYY0R2ufXJ6ELwT8?authuser=0&hl=pt-BR&rclk=1
Pablo Hildebar - Advogado Trabalhista e Previdenciário.,,(96) 99175-3344,http://www.phjud.adv.br/,"Av. dos Timbiras, 588 - sala A - Buritizal, Macapá - AP, 68902-872","5,0",12,,,https://www.google.com/maps/place/Pablo+Hildebar+-+Advogado+Trabalhista+e+Previdenci%C3%A1rio./data=!4m7!3m6!1s0x8d61e177a25dd01f:0x12b8cbf45185ff40!8m2!3d0.0149838!4d-51.0668794!16s%2Fg%2F11f9w4lprv!19sChIJH9BdonfhYY0RQP-FUfTLuBI?authuser=0&hl=pt-BR&rclk=1
Pinheiro Advocacia,,(96) 98116-1817,http://tycussony.wixsite.com/madadvogados,"R. Santa Catarina, 1435 - Santa Rita, Macapá - AP, 68901-261","1,0",1,,,https://www.google.com/maps/place/Pinheiro+Advocacia/data=!4m7!3m6!1s0x8d61e19e68dcbf21:0x73e5f36bf0246efb!8m2!3d0.0277498!4d-51.0792072!16s%2Fg%2F11dymw7qmy!19sChIJIb_caJ7hYY0R-24k8Gvz5XM?authuser=0&hl=pt-BR&rclk=1
Gouveia & Furlan - Advocacia,,(96) 99154-4452,https://www.gouveiaefurlan.com.br/,"R. Manoel Eudóxio Pereira, 948 a - Central, Macapá - AP, 68900-021","4,8",33,,,https://www.google.com/maps/place/Gouveia+%26+Furlan+-+Advocacia/data=!4m7!3m6!1s0x8d61e11bc9a9a5b3:0x7510d611edd5b5b1!8m2!3d0.0415352!4d-51.0661138!16s%2Fg%2F11bzy8hc0x!19sChIJs6WpyRvhYY0RsbXV7RHWEHU?authuser=0&hl=pt-BR&rclk=1
Carlos Balieiro-Advogado,,(96) 3242-3738,,"R. Barão de Mauá, 13 - Buritizal, Macapá - AP, 68902-740","5,0",1,0.0283533,-51.0745688,"https://www.google.com/maps/place/Carlos+Balieiro-Advogado/@0.0283533,-51.0745688,17z/data=!3m1!4b1!4m6!3m5!1s0x8d61e1a00533121d:0x385ba747c436060e!8m2!3d0.0283533!4d-51.0745688!16s%2Fg%2F1wrtdx6r?authuser=0&hl=pt-BR&entry=ttu&g_ep=EgoyMDI2MDUxMy4wIKXMDSoASAFQAw%3D%3D"
Empresa de Advocacia Ferreira e Morpheu,,(96) 98407-6718,https://www.instagram.com/diegomorpheu/,"Av. Primeiro de Maio, 1080 - Trem, Macapá - AP, 68901-100","4,8",22,,,https://www.google.com/maps/place/Empresa+de+Advocacia+Ferreira+e+Morpheu/data=!4m7!3m6!1s0x8d61e1e265a8c0d3:0x5ef5caa13f070135!8m2!3d0.0250243!4d-51.0659691!16s%2Fg%2F11rrvp25kr!19sChIJ08CoZeLhYY0RNQEHP6HK9V4?authuser=0&hl=pt-BR&rclk=1
MAURÍCIO PEREIRA ADVOCACIA,,(96) 99112-2669,,"Av. Mendonça Júnior, 1931 - Central, Macapá - AP, 68900-020","4,6",34,0.0341573,-51.0674018,"https://www.google.com/maps/place/MAUR%C3%8DCIO+PEREIRA+ADVOCACIA/@0.0341573,-51.0674018,17z/data=!3m1!4b1!4m6!3m5!1s0x8d61e10fd8009ee5:0x818efa18488bf9d5!8m2!3d0.0341573!4d-51.0674018!16s%2Fg%2F1tdqjj9f?authuser=0&hl=pt-BR&entry=ttu&g_ep=EgoyMDI2MDUxMy4wIKXMDSoASAFQAw%3D%3D"
Advogado em Macapá,,(96) 98146-4825,,"Av. dos Tupiniquins, 399 - Buritizal, Macapá - AP, 68902-120",,,0.0186916,-51.0647823,"https://www.google.com/maps/place/Advogado+em+Macap%C3%A1/@0.0186916,-51.0647823,17z/data=!3m1!4b1!4m6!3m5!1s0x8d61e14a1fd267d1:0xe075e7b6704cfbe4!8m2!3d0.0186916!4d-51.0647823!16s%2Fg%2F11j7d91fbc?authuser=0&hl=pt-BR&entry=ttu&g_ep=EgoyMDI2MDUxMy4wIKXMDSoASAFQAw%3D%3D"
Andrey Alencar Advogado,,(91) 3197-8069,https://drandreyalencar.com.br/,"Av. Duque de Caxias, 142 - Centro, Macapá - AP, 68900-067","4,6",31,,,https://www.google.com/maps/place/Andrey+Alencar+Advogado/data=!4m7!3m6!1s0x8d61e1703f62bb49:0x930a56bd05d431be!8m2!3d0.0392666!4d-51.0575335!16s%2Fg%2F11rtbh0yn1!19sChIJSbtiP3DhYY0RvjHUBb1WCpM?authuser=0&hl=pt-BR&rclk=1
Nobre & Peres Advogados,,(96) 99142-8923,,"R. Paraná, 1802 A - Santa Rita, Macapá - AP, 68901-260","5,0",3,0.0289285,-51.0773039,"https://www.google.com/maps/place/Nobre+%26+Peres+Advogados/@0.0289285,-51.0773039,17z/data=!3m1!4b1!4m6!3m5!1s0x8d61e1bbe7c56425:0x7fb8bcc297413f07!8m2!3d0.0289285!4d-51.0773039!16s%2Fg%2F11mw59b6bh?authuser=0&hl=pt-BR&entry=ttu&g_ep=EgoyMDI2MDUxMy4wIKXMDSoASAFQAw%3D%3D"
JMN JurisCalc Assessoria,,(99) 99164-7855,,"Av. 13 de Setembro, 2811 - Buritizal, Macapá - AP, 68904-813","5,0",1,0.0230779,-51.0841747,"https://www.google.com/maps/place/JMN+JurisCalc+Assessoria/@0.0230779,-51.0841747,17z/data=!3m1!4b1!4m6!3m5!1s0x8d61e19adcde1fe7:0xe1345287cb75c0fd!8m2!3d0.0230779!4d-51.0841747!16s%2Fg%2F11bxf296qr?authuser=0&hl=pt-BR&entry=ttu&g_ep=EgoyMDI2MDUxMy4wIKXMDSoASAFQAw%3D%3D"
Naiana Campos - NC ADVOCACIA - DIREITO PÚBLICO E ADMINISTRATIVO,,(96) 98123-1540,,"Av. dos Timbiras, 588 - Buritizal, Macapá - AP, 68902-872","5,0",26,0.0150014,-51.0668827,"https://www.google.com/maps/place/Naiana+Campos+-+NC+ADVOCACIA+-+DIREITO+P%C3%9ABLICO+E+ADMINISTRATIVO/@0.0150014,-51.0668827,17z/data=!3m1!4b1!4m6!3m5!1s0x8d61e13b7da66bd9:0x8da15f59dca870fd!8m2!3d0.0150014!4d-51.0668827!16s%2Fg%2F11khsl91zv?authuser=0&hl=pt-BR&entry=ttu&g_ep=EgoyMDI2MDUxMy4wIKXMDSoASAFQAw%3D%3D"
"Gilmar Santa Rosa, Dr",,(96) 3223-6035,,"R. Hamilton Silva, 2135 - Trem, Macapá - AP, 68901-140","4,0",2,0.0303646,-51.0645591,"https://www.google.com/maps/place/Gilmar+Santa+Rosa,+Dr/@0.0303646,-51.0645591,17z/data=!3m1!4b1!4m6!3m5!1s0x8d61e1057f567dfd:0xda0a7a78623e0b8!8m2!3d0.0303646!4d-51.0645591!16s%2Fg%2F1td730zr?authuser=0&hl=pt-BR&entry=ttu&g_ep=EgoyMDI2MDUxMy4wIKXMDSoASAFQAw%3D%3D"
Advogado Luiz Fernandes,,99114-3137,,"R. Santa Catarina, 731 - Santa Rita, Macapá - AP, 68901-261","4,0",1,0.038429,-51.078461,"https://www.google.com/maps/place/Advogado+Luiz+Fernandes/@0.038429,-51.078461,17z/data=!3m1!4b1!4m6!3m5!1s0x8d61e102fd773b49:0x8d9cf7865917599a!8m2!3d0.038429!4d-51.078461!16s%2Fg%2F11c2lcvr0d?authuser=0&hl=pt-BR&entry=ttu&g_ep=EgoyMDI2MDUxMy4wIKXMDSoASAFQAw%3D%3D"
FV - Frederico Vales Advocacia,,(96) 3222-7835,,"Av. Fab, 1070 - Sala 610 - Central, Macapá - AP, 68900-071","5,0",11,0.0408872,-51.0596034,"https://www.google.com/maps/place/FV+-+Frederico+Vales+Advocacia/@0.0408872,-51.0596034,17z/data=!3m1!4b1!4m6!3m5!1s0x8d61e110d07010f7:0x5dc00fa96c4cffb2!8m2!3d0.0408872!4d-51.0596034!16s%2Fg%2F11bwkz0wkn?authuser=0&hl=pt-BR&entry=ttu&g_ep=EgoyMDI2MDUxMy4wIKXMDSoASAFQAw%3D%3D"
Feitosa & Nery Advocacia,,(96) 99166-1127,,"Av. Pedro Baião, 485 - Central, Macapá - AP, 68900-116","5,0",2,0.0295508,-51.0580736,"https://www.google.com/maps/place/Feitosa+%26+Nery+Advocacia/@0.0295508,-51.0580736,17z/data=!3m1!4b1!4m6!3m5!1s0x8d61e100bda5c577:0x8dbe7775216a884f!8m2!3d0.0295508!4d-51.0580736!16s%2Fg%2F11cnb5_dmj?authuser=0&hl=pt-BR&entry=ttu&g_ep=EgoyMDI2MDUxMy4wIKXMDSoASAFQAw%3D%3D"
Jedielson Miranda Advocacia,,(96) 99194-8619,,"Rua Claudomiro de Moraes, 503 - Novo Buritizal, Macapá - AP, 68904-326","5,0",3,0.0210323,-51.0777908,"https://www.google.com/maps/place/Jedielson+Miranda+Advocacia/@0.0210323,-51.0777908,17z/data=!3m1!4b1!4m6!3m5!1s0x8d61e120acd69023:0x9a639b68e80b5d92!8m2!3d0.0210323!4d-51.0777908!16s%2Fg%2F11ry7rf1c2?authuser=0&hl=pt-BR&entry=ttu&g_ep=EgoyMDI2MDUxMy4wIKXMDSoASAFQAw%3D%3D"
César Tobias Advogados,,(96) 99174-5909,,"Av: Tereza Maciel Tavares, 591 - Buritizal, Macapá - AP, 68902-590","5,0",1,0.012625,-51.0766791,"https://www.google.com/maps/place/C%C3%A9sar+Tobias+Advogados/@0.012625,-51.0766791,17z/data=!3m1!4b1!4m6!3m5!1s0x27ff3f9812c9580b:0x5c4441e00d5eeb9f!8m2!3d0.012625!4d-51.0766791!16s%2Fg%2F11xg3zwyhq?authuser=0&hl=pt-BR&entry=ttu&g_ep=EgoyMDI2MDUxMy4wIKXMDSoASAFQAw%3D%3D"
MP Advocacia,,(96) 99169-1980,,"R. Padre Vitório Galiano, Galiane, 209 - Nova Esperança, Macapá - AP, 68901-600",,,0.028537,-51.082119,"https://www.google.com/maps/place/MP+Advocacia/@0.028537,-51.082119,17z/data=!3m1!4b1!4m6!3m5!1s0x8d61e12d668810eb:0xa5341f809022abfa!8m2!3d0.028537!4d-51.082119!16s%2Fg%2F11l22twhr4?authuser=0&hl=pt-BR&entry=ttu&g_ep=EgoyMDI2MDUxMy4wIKXMDSoASAFQAw%3D%3D"
MARCELO AMÉRICO ADVOCACIA PREVIDENCIÁRIA,,(96) 99150-8416,,"Av. Pedro Baião, 947 - Trem, Macapá - AP, 68901-025","5,0",22,0.0297803,-51.0623251,"https://www.google.com/maps/place/MARCELO+AM%C3%89RICO+ADVOCACIA+PREVIDENCI%C3%81RIA/@0.0297803,-51.0623251,17z/data=!3m1!4b1!4m6!3m5!1s0x8d61e1d63a149cab:0x3d1633468a6c62c2!8m2!3d0.0297803!4d-51.0623251!16s%2Fg%2F11nc3394xc?authuser=0&hl=pt-BR&entry=ttu&g_ep=EgoyMDI2MDUxMy4wIKXMDSoASAFQAw%3D%3D"
Prev Prime - Macapá - Advocacia Previdenciária,,(96) 98408-1599,,"R. Leopoldo Machado, 2535 - Sala 06 - altos - Central, Macapá - AP, 68900-067","4,0",1,0.0293833,-51.0624475,"https://www.google.com/maps/place/Prev+Prime+-+Macap%C3%A1+-+Advocacia+Previdenci%C3%A1ria/@0.0293833,-51.0624475,17z/data=!3m1!4b1!4m6!3m5!1s0x8d61e1e5e6715fe1:0x1df352fe14f43a46!8m2!3d0.0293833!4d-51.0624475!16s%2Fg%2F11hdl4p6n0?authuser=0&hl=pt-BR&entry=ttu&g_ep=EgoyMDI2MDUxMy4wIKXMDSoASAFQAw%3D%3D"
CÉSAR MARTINS ADVOGADOS ASSOCIADOS,,(96) 98100-5098,,"Av. Coaraci Nunes, nº 750 - Centro, Macapá - AP, 68900-010","5,0",11,0.0328501,-51.0576927,"https://www.google.com/maps/place/C%C3%89SAR+MARTINS+ADVOGADOS+ASSOCIADOS/@0.0328501,-51.0576927,17z/data=!3m1!4b1!4m6!3m5!1s0x8d61e13508f862cf:0x802d665e47ebb85a!8m2!3d0.0328501!4d-51.0576927!16s%2Fg%2F11gk8kdk9k?authuser=0&hl=pt-BR&entry=ttu&g_ep=EgoyMDI2MDUxMy4wIKXMDSoASAFQAw%3D%3D"
"Borges & Machado Advogados - Escritório de advocacia em Macapá, Advogado civil em Macapá, Advogado de causas militares",,(96) 99155-0255,https://www.instagram.com/borgesmachadoadvogados/,"Av. Primeiro de Maio, 896 A - Trem, Macapá - AP, 68901-100","5,0",8,,,"https://www.google.com/maps/place/Borges+%26+Machado+Advogados+-+Escrit%C3%B3rio+de+advocacia+em+Macap%C3%A1,+Advogado+civil+em+Macap%C3%A1,+Advogado+de+causas+militares/data=!4m7!3m6!1s0x8d61e1af5780d019:0x7dad1023c1a69475!8m2!3d0.0248372!4d-51.064393!16s%2Fg%2F11c3svp94p!19sChIJGdCAV6_hYY0RdZSmwSMQrX0?authuser=0&hl=pt-BR&rclk=1"
Advogado Dr. Norberto Cantão,,(96) 3222-3314,,"Acelino de Leão, 1114 - Trem, Macapá - AP, 68901-092","5,0",2,0.0264883,-51.0658945,"https://www.google.com/maps/place/Advogado+Dr.+Norberto+Cant%C3%A3o/@0.0264883,-51.0658945,17z/data=!3m1!4b1!4m6!3m5!1s0x8d61e1a64734e275:0x8a0b790baf911b34!8m2!3d0.0264883!4d-51.0658945!16s%2Fg%2F11bwkhpscl?authuser=0&hl=pt-BR&entry=ttu&g_ep=EgoyMDI2MDUxMy4wIKXMDSoASAFQAw%3D%3D"
Cordovil & Holanda - Advogados,,(96) 98402-1293,https://www.instagram.com/cordovileholandaadvogados/,"Av. Heráclito Juares Filho, 2211 - Novo Buritizal, Macapá - AP, 68904-283","5,0",1,,,https://www.google.com/maps/place/Cordovil+%26+Holanda+-+Advogados/data=!4m7!3m6!1s0x8d61e100392fc401:0xde7854cdada28eb0!8m2!3d0.0218677!4d-51.0790169!16s%2Fg%2F11yp0hxtyq!19sChIJAcQvOQDhYY0RsI6irc1UeN4?authuser=0&hl=pt-BR&rclk=1
DIEGO MADNOERSAN ADVOCACIA,,,,"Av. Antônio Coelho de Carvalho, 1613 A - Central, Macapá - AP, 68900-015","5,0",1,0.0321867,-51.0655167,"https://www.google.com/maps/place/DIEGO+MADNOERSAN+ADVOCACIA/@0.0321867,-51.0655167,17z/data=!3m1!4b1!4m6!3m5!1s0x8d61e1004a55ccdb:0x9beb232342b97933!8m2!3d0.0321867!4d-51.0655167!16s%2Fg%2F11z52781f0?authuser=0&hl=pt-BR&entry=ttu&g_ep=EgoyMDI2MDUxMy4wIKXMDSoASAFQAw%3D%3D"
Costa - Ramos - Siqueira Advogados S/S,,(96) 99113-2661,,"Acelino de Leão, 756 - Trem, Macapá - AP, 68901-092","4,8",21,0.0262572,-51.0627609,"https://www.google.com/maps/place/Costa+-+Ramos+-+Siqueira+Advogados+S%2FS/@0.0262572,-51.0627609,17z/data=!3m1!4b1!4m6!3m5!1s0x8d61e10e58c3cca1:0xbc1ed1b50a59f4e6!8m2!3d0.0262572!4d-51.0627609!16s%2Fg%2F1tfm7px5?authuser=0&hl=pt-BR&entry=ttu&g_ep=EgoyMDI2MDUxMy4wIKXMDSoASAFQAw%3D%3D"
Adriano Ferreira Advocacia,,(96) 99908-7983,,"R. Prof. Tostes, 4193 - Muca, Macapá - AP, 68902-210","5,0",2,0.0101356,-51.0699772,"https://www.google.com/maps/place/Adriano+Ferreira+Advocacia/@0.0101356,-51.0699772,17z/data=!3m1!4b1!4m6!3m5!1s0x8d61e197957969ad:0x56521192e9cba3e0!8m2!3d0.0101356!4d-51.0699772!16s%2Fg%2F11s9bpf40r?authuser=0&hl=pt-BR&entry=ttu&g_ep=EgoyMDI2MDUxMy4wIKXMDSoASAFQAw%3D%3D"
Ramon Rêgo Advocacia,,(96) 98133-4848,http://www.ramonrego.adv.br/,"Av. Raimundo Álvares da Costa, 507 - Centro, Macapá - AP, 68900-074","4,5",8,,,https://www.google.com/maps/place/Ramon+R%C3%AAgo+Advocacia/data=!4m7!3m6!1s0x8d61e104646d93ef:0xd56000ef0ff6f5b9!8m2!3d0.0419272!4d-51.0549458!16s%2Fg%2F11cnc2l88l!19sChIJ75NtZAThYY0RufX2D-8AYNU?authuser=0&hl=pt-BR&rclk=1
Johnni Melo - Advogado Trabalhista,,(96) 99174-4511,https://johnnimeloadv.com/direito-do-trabalho/?utm_source=GMN&utm_campaign=direito_do_trabalho&utm_medium=GMN_Johnni&utm_content=GMN&utm_term=QUENTE_ORG,"R. Jovino Dinoá, 4470 - Beirol, Macapá - AP, 68902-030","5,0",12,,,https://www.google.com/maps/place/Johnni+Melo+-+Advogado+Trabalhista/data=!4m7!3m6!1s0x8d61e1963adf5fcb:0x9c70b8b61f08b06e!8m2!3d0.011906!4d-51.062032!16s%2Fg%2F11vwz6cq1b!19sChIJy1_fOpbhYY0RbrAIH7a4cJw?authuser=0&hl=pt-BR&rclk=1
Carlos Orlando Fonseca de Souza Advogado,,(96) 3222-2300,,"Av. Henrique Galucio, 2488 - Santa Rita, Macapá - AP, 68901-255","2,4",5,0.0322832,-51.0721844,"https://www.google.com/maps/place/Carlos+Orlando+Fonseca+de+Souza+Advogado/@0.0322832,-51.0721844,17z/data=!3m1!4b1!4m6!3m5!1s0x8d61e12901428009:0xa286cd7375e8b27f!8m2!3d0.0322832!4d-51.0721844!16s%2Fg%2F1tyt6d75?authuser=0&hl=pt-BR&entry=ttu&g_ep=EgoyMDI2MDUxMy4wIKXMDSoASAFQAw%3D%3D"
HF ADVOCACIA & CONSULTORIA JURÍDICA,,(96) 99137-2167,,"R. Odilardo Silva, 2865 C - Trem, Macapá - AP, 68901-315","4,9",20,0.026181,-51.0586917,"https://www.google.com/maps/place/HF+ADVOCACIA+%26+CONSULTORIA+JUR%C3%8DDICA/@0.026181,-51.0586917,17z/data=!3m1!4b1!4m6!3m5!1s0x8d61e1abe6339de7:0xebc208c081c8eec0!8m2!3d0.026181!4d-51.0586917!16s%2Fg%2F11bwk_jq0y?authuser=0&hl=pt-BR&entry=ttu&g_ep=EgoyMDI2MDUxMy4wIKXMDSoASAFQAw%3D%3D"
Detetive Falcão - Detetive Particular em Macapá,,(96) 99967-0007,,"Av. Coaraci Nunes, 706 - Central, Macapá - AP, 68900-010","4,9",19,0.0328212,-51.0572727,"https://www.google.com/maps/place/Detetive+Falc%C3%A3o+-+Detetive+Particular+em+Macap%C3%A1/@0.0328212,-51.0572727,17z/data=!3m1!4b1!4m6!3m5!1s0x8d61e10220000071:0xe1888afc4747d256!8m2!3d0.0328212!4d-51.0572727!16s%2Fg%2F1v2yzxkz?authuser=0&hl=pt-BR&entry=ttu&g_ep=EgoyMDI2MDUxMy4wIKXMDSoASAFQAw%3D%3D"
SAMPAIO DO NASCIMENTO ADVOGADOS,,(96) 3242-1177,http://www.sampaiodonascimento.com.br/,"Av. 13 de Setembro, 1738 - Térreo - Buritizal, Macapá - AP, 68902-865","5,0",3,,,https://www.google.com/maps/place/SAMPAIO+DO+NASCIMENTO+ADVOGADOS/data=!4m7!3m6!1s0x8d61e1a2f1249acb:0xb581608137813f34!8m2!3d0.0231487!4d-51.0731374!16s%2Fg%2F1tzlz_x7!19sChIJy5ok8aLhYY0RND-BN4FggbU?authuser=0&hl=pt-BR&rclk=1
Ramon Tourinho Advogado,,(96) 98131-1660,,"e Prox Escola Dom Aristides e o IBAMA - Av. Antônio Coelho de Carvalho, 1791 - Central entre Rua Hildemar maia, R. Manoel Eudóxio Pereira, Macapá - AP, 68900-015","5,0",2,0.0323601,-51.0662196,"https://www.google.com/maps/place/Ramon+Tourinho+Advogado/@0.0323601,-51.0662196,17z/data=!3m1!4b1!4m6!3m5!1s0x8d61e12dfc6673c1:0x6287fb5141f86e1e!8m2!3d0.0323601!4d-51.0662196!16s%2Fg%2F11gj2wx0hv?authuser=0&hl=pt-BR&entry=ttu&g_ep=EgoyMDI2MDUxMy4wIKXMDSoASAFQAw%3D%3D"
Cleison Santana | Advogado Trabalhista,,(96) 99171-5825,,"Av. Henrique Galucio, 1224 - altos - Central, Macapá - AP, 68900-115","5,0",1,0.0314496,-51.0614347,"https://www.google.com/maps/place/Cleison+Santana+%7C+Advogado+Trabalhista/@0.0314496,-51.0614347,17z/data=!3m1!4b1!4m6!3m5!1s0x8d61e1dbc932423f:0x20b122c69e444b60!8m2!3d0.0314496!4d-51.0614347!16s%2Fg%2F11m7224thr?authuser=0&hl=pt-BR&entry=ttu&g_ep=EgoyMDI2MDUxMy4wIKXMDSoASAFQAw%3D%3D"
Elsonias Corrêa ADVOGADOS,,(96) 99147-9883,,"Av. Ivaldo Alves Veras, 1328 - Universitario, Macapá - AP, 68903-183","5,0",20,0.0029381,-51.0877694,"https://www.google.com/maps/place/Elsonias+Corr%C3%AAa+ADVOGADOS/@0.0029381,-51.0877694,17z/data=!3m1!4b1!4m6!3m5!1s0x8d61e12c7a46aea9:0x59777d78ba722f06!8m2!3d0.0029381!4d-51.0877694!16s%2Fg%2F11fmrdxh72?authuser=0&hl=pt-BR&entry=ttu&g_ep=EgoyMDI2MDUxMy4wIKXMDSoASAFQAw%3D%3D"
Sussuarana Advocacia,,(96) 99126-6660,,"R. Hamilton Silva, 2370 - Trem, Macapá - AP, 68901-140","5,0",13,0.02842,-51.064976,"https://www.google.com/maps/place/Sussuarana+Advocacia/@0.02842,-51.064976,17z/data=!3m1!4b1!4m6!3m5!1s0x8d61e1ae283a518f:0x6f7a452c7a5bc216!8m2!3d0.02842!4d-51.064976!16s%2Fg%2F11nmddsqks?authuser=0&hl=pt-BR&entry=ttu&g_ep=EgoyMDI2MDUxMy4wIKXMDSoASAFQAw%3D%3D"
Escritório de Advocacia Dra. Kayse Calado,,,,"Av. Henrique Galucio, 1679 - Centro, Macapá - AP, 68900-115","4,3",3,0.0315012,-51.0655736,"https://www.google.com/maps/place/Escrit%C3%B3rio+de+Advocacia+Dra.+Kayse+Calado/@0.0315012,-51.0655736,17z/data=!3m1!4b1!4m6!3m5!1s0x8d61e108942bcf05:0x405a440a3e3da110!8m2!3d0.0315012!4d-51.0655736!16s%2Fg%2F11bw4nt06f?authuser=0&hl=pt-BR&entry=ttu&g_ep=EgoyMDI2MDUxMy4wIKXMDSoASAFQAw%3D%3D"
Fajardo & Magno Advogados,,(96) 2027-0200,,"R. Odilardo Silva, n. 3458 - Beirol, Macapá - AP, 68902-650","5,0",2,0.0209457,-51.0594093,"https://www.google.com/maps/place/Fajardo+%26+Magno+Advogados/@0.0209457,-51.0594093,17z/data=!3m1!4b1!4m6!3m5!1s0x8d61e12a1dabffff:0x265894945c69d048!8m2!3d0.0209457!4d-51.0594093!16s%2Fg%2F11hczvt_08?authuser=0&hl=pt-BR&entry=ttu&g_ep=EgoyMDI2MDUxMy4wIKXMDSoASAFQAw%3D%3D"
Nery & SÁ Advogados Associados,,(96) 98102-8111,http://linktr.ee/advpaulo_sa,"Av. Antônio Coelho de Carvalho, º 1643 - Central, Macapá - AP, 68900-015","5,0",2,,,https://www.google.com/maps/place/Nery+%26+S%C3%81+Advogados+Associados/data=!4m7!3m6!1s0x8d61e116828028b3:0xe4f84b31b3a07c8a!8m2!3d0.0322201!4d-51.065488!16s%2Fg%2F11g8p920ml!19sChIJsyiAghbhYY0RinygszFL-OQ?authuser=0&hl=pt-BR&rclk=1
Guerreiro Advogados Associados,,(96) 99963-1030,,"Av. dos Tupis, 838 - Muca, Macapá - AP, 68902-346","4,0",5,0.0138393,-51.0729368,"https://www.google.com/maps/place/Guerreiro+Advogados+Associados/@0.0138393,-51.0729368,17z/data=!3m1!4b1!4m6!3m5!1s0x8d61e1c0672c99e9:0x271ec72bd9ad036f!8m2!3d0.0138393!4d-51.0729368!16s%2Fg%2F11cjj05tw7?authuser=0&hl=pt-BR&entry=ttu&g_ep=EgoyMDI2MDUxMy4wIKXMDSoASAFQAw%3D%3D"
MR Advogados,,(96) 99127-0611,https://www.facebook.com/MRadvogado,"R. Jovino Dinoá, 2456 - Sala 301 - Central, Macapá - AP, 68900-075","5,0",2,,,https://www.google.com/maps/place/MR+Advogados/data=!4m7!3m6!1s0x8d61e107150c9363:0xdc52c1329fabc1df!8m2!3d0.0299119!4d-51.0606082!16s%2Fg%2F11c5zzjhhq!19sChIJY5MMFQfhYY0R38GrnzLBUtw?authuser=0&hl=pt-BR&rclk=1
Paulo Oliveira Advocacia Previdenciária,,(96) 98109-3398,,"Rua Eliezer Levy, 2167, ""D"" e ""E - Central, Macapá - AP, 68900-083","4,4",14,0.0322454,-51.0565344,"https://www.google.com/maps/place/Paulo+Oliveira+Advocacia+Previdenci%C3%A1ria/@0.0322454,-51.0565344,17z/data=!3m1!4b1!4m6!3m5!1s0x8d61e1fd2a28d641:0x55f66e352560e7fe!8m2!3d0.0322454!4d-51.0565344!16s%2Fg%2F11qf__wncq?authuser=0&hl=pt-BR&entry=ttu&g_ep=EgoyMDI2MDUxMy4wIKXMDSoASAFQAw%3D%3D"
Jamille Silva Advocacia,,(96) 99972-8680,https://www.instagram.com/js.advespecializada?igsh=MWNnaXVkZWs5eTJqdA==,"Av. Primeiro de Maio, 912 - Trem, Macapá - AP, 68910-100","5,0",22,,,https://www.google.com/maps/place/Jamille+Silva+Advocacia/data=!4m7!3m6!1s0x783f5dca12f1ceb:0x564b1c97dc411fbe!8m2!3d0.0248215!4d-51.0644726!16s%2Fg%2F11vrlbzfn4!19sChIJ6xwvodz1gwcRvh9B3JccS1Y?authuser=0&hl=pt-BR&rclk=1
Sampaio advocacia,,(96) 98113-8419,,"Rua Santos Dumont n° 2099 C - Santa Rita, Macapá - AP, 68901-270","5,0",1,0.0274706,-51.0730123,"https://www.google.com/maps/place/Sampaio+advocacia/@0.0274706,-51.0730123,17z/data=!3m1!4b1!4m6!3m5!1s0x8d61e148e788d92b:0xed2108cf2fa649f6!8m2!3d0.0274706!4d-51.0730123!16s%2Fg%2F11jf0gf0kd?authuser=0&hl=pt-BR&entry=ttu&g_ep=EgoyMDI2MDUxMy4wIKXMDSoASAFQAw%3D%3D"
ESCRITORIO DE ADVOCACIA JOSEMILSON NASCIMENTO,,(96) 99166-1708,,"Av. dos Tupiniquins, 319 - Buritizal, Macapá - AP, 68902-120","5,0",1,0.0183747,-51.0641572,"https://www.google.com/maps/place/ESCRITORIO+DE+ADVOCACIA+JOSEMILSON+NASCIMENTO/@0.0183747,-51.0641572,17z/data=!3m1!4b1!4m6!3m5!1s0x8d61e1b0aeae62e9:0x82d1bd11eaaadc39!8m2!3d0.0183747!4d-51.0641572!16s%2Fg%2F11gfhfr1xx?authuser=0&hl=pt-BR&entry=ttu&g_ep=EgoyMDI2MDUxMy4wIKXMDSoASAFQAw%3D%3D"
Escritório Advocacia Benicio Pontes,,98112-5614,,"Av. Felíciano Coelho, 364 - Trem, Macapá - AP, 68901-025","5,0",1,0.0289474,-51.0571931,"https://www.google.com/maps/place/Escrit%C3%B3rio+Advocacia+Benicio+Pontes/@0.0289474,-51.0571931,17z/data=!3m1!4b1!4m6!3m5!1s0x8d61e1aa7846fb95:0x2b3c44a2b8986c2f!8m2!3d0.0289474!4d-51.0571931!16s%2Fg%2F11f3fbm1mn?authuser=0&hl=pt-BR&entry=ttu&g_ep=EgoyMDI2MDUxMy4wIKXMDSoASAFQAw%3D%3D"
Studier Advocacia,,(96) 98140-8844,,"Av. Pedro Baião, 855 - Central, Macapá - AP, 68900-116","4,1",14,0.0296842,-51.0613807,"https://www.google.com/maps/place/Studier+Advocacia/@0.0296842,-51.0613807,17z/data=!3m1!4b1!4m6!3m5!1s0x8d61e107d000008d:0x287e3d5cb5d3ab64!8m2!3d0.0296842!4d-51.0613807!16s%2Fg%2F1tf66j2y?authuser=0&hl=pt-BR&entry=ttu&g_ep=EgoyMDI2MDUxMy4wIKXMDSoASAFQAw%3D%3D"
JÔSY SETUBAL - SOCIEDADE INDIVIDUAL DE ADVOCACIA,,(96) 99151-2434,,"Acelino de Leão, 2167 B - Santa Rita, Macapá - AP, 68901-270","5,0",1,0.0269403,-51.0729396,"https://www.google.com/maps/place/J%C3%94SY+SETUBAL+-+SOCIEDADE+INDIVIDUAL+DE+ADVOCACIA/@0.0269403,-51.0729396,17z/data=!3m1!4b1!4m6!3m5!1s0x8d61e10707e7d4ab:0x7601dcefcd3364a!8m2!3d0.0269403!4d-51.0729396!16s%2Fg%2F11rc2sqvj6?authuser=0&hl=pt-BR&entry=ttu&g_ep=EgoyMDI2MDUxMy4wIKXMDSoASAFQAw%3D%3D"
Heider Rodrigues Advogado,,(96) 98111-8224,,"Av. Salgado Filho, 591 - Centro, Macapá - AP, 68901-281","5,0",1,0.0334389,-51.0697702,"https://www.google.com/maps/place/Heider+Rodrigues+Advogado/@0.0334389,-51.0697702,17z/data=!3m1!4b1!4m6!3m5!1s0x8d61e15eab29c9fd:0xbed5865c64fd3910!8m2!3d0.0334389!4d-51.0697702!16s%2Fg%2F11mcncl1py?authuser=0&hl=pt-BR&entry=ttu&g_ep=EgoyMDI2MDUxMy4wIKXMDSoASAFQAw%3D%3D"
Escritório de advocacia pinto pereira,,(96) 98139-1406,,"R. Hamilton Silva, 3000 - Beirol, Macapá - AP, 68902-010","5,0",1,0.022087,-51.0654098,"https://www.google.com/maps/place/Escrit%C3%B3rio+de+advocacia+pinto+pereira/@0.022087,-51.0654098,17z/data=!3m1!4b1!4m6!3m5!1s0x8d61e10018c9a0a7:0x8bb1a0f00833b7ab!8m2!3d0.022087!4d-51.0654098!16s%2Fg%2F11m6nh5931?authuser=0&hl=pt-BR&entry=ttu&g_ep=EgoyMDI2MDUxMy4wIKXMDSoASAFQAw%3D%3D"
Chermont Júnior - Advocacia e Consultoria Jurídica,,(96) 98124-9547,,"Av. Antônio Coelho de Carvalho, 2337 - Santa Rita, Macapá - AP, 68901-280","5,0",1,0.0327063,-51.0719503,"https://www.google.com/maps/place/Chermont+J%C3%BAnior+-+Advocacia+e+Consultoria+Jur%C3%ADdica/@0.0327063,-51.0719503,17z/data=!3m1!4b1!4m6!3m5!1s0x8d61e16b35838bff:0xefc114d2a08d9f5!8m2!3d0.0327063!4d-51.0719503!16s%2Fg%2F11n10d1qbs?authuser=0&hl=pt-BR&entry=ttu&g_ep=EgoyMDI2MDUxMy4wIKXMDSoASAFQAw%3D%3D"
Sarges & Maranhão Advogados,,,https://www.bancario.adv.br/adv/wevergtonadv,"R. Jovino Dinoá, 4470 - Beirol, Macapá - AP, 68902-030","5,0",7,0.0119055,-51.0620318,"https://www.google.com/maps/place/Sarges+%26+Maranh%C3%A3o+Advogados/@0.0119055,-51.0620318,17z/data=!3m1!4b1!4m6!3m5!1s0x8d61e1ad9ec7c657:0x212cc367962f9575!8m2!3d0.0119055!4d-51.0620318!16s%2Fg%2F11rvdkt64s?authuser=0&hl=pt-BR&entry=ttu&g_ep=EgoyMDI2MDUxMy4wIKXMDSoASAFQAw%3D%3D"
Speedo Watch,,,,"Av. Pedro Lazarino, 926 - Buritizal, Macapá - AP, 68902-862","5,0",1,0.0219215,-51.0663563,"https://www.google.com/maps/place/Speedo+Watch/@0.0219215,-51.0663563,17z/data=!3m1!4b1!4m6!3m5!1s0x8d61e1a530e140d5:0xf20762f126b76040!8m2!3d0.0219215!4d-51.0663563!16s%2Fg%2F11ckqrxk8b?authuser=0&hl=pt-BR&entry=ttu&g_ep=EgoyMDI2MDUxMy4wIKXMDSoASAFQAw%3D%3D"
Terra & Terra Advocacia Empresarial,,,,"R. Leopoldo Machado, 2970 - Trem, Macapá - AP, 68901-130","5,0",6,0.0255832,-51.0631,"https://www.google.com/maps/place/Terra+%26+Terra+Advocacia+Empresarial/@0.0255832,-51.0631,17z/data=!3m1!4b1!4m6!3m5!1s0x8d61e1a55e7725cb:0xdd936e062d1499c6!8m2!3d0.0255832!4d-51.0631!16s%2Fg%2F11bwh5g078?authuser=0&hl=pt-BR&entry=ttu&g_ep=EgoyMDI2MDUxMy4wIKXMDSoASAFQAw%3D%3D"
Fortunato & Muniz Advocacia,,,,"Av. Felíciano Coelho, 1334 - Trem, Macapá - AP, 68901-025","5,0",1,0.0295673,-51.0657078,"https://www.google.com/maps/place/Fortunato+%26+Muniz+Advocacia/@0.0295673,-51.0657078,17z/data=!3m1!4b1!4m6!3m5!1s0x8d61e1fbed509f75:0xa928e8ebb80b1e35!8m2!3d0.0295673!4d-51.0657078!16s%2Fg%2F11w8jmtj1g?authuser=0&hl=pt-BR&entry=ttu&g_ep=EgoyMDI2MDUxMy4wIKXMDSoASAFQAw%3D%3D"
Franklin & Hildebar Advogados,,(96) 98137-7886,https://www.instagram.com/franklin.hildebar?igsh=ZnNvZjhld2Zqbmpq,"Av. Antônio Coelho de Carvalho, 982 - Santa Rita, Macapá - AP, 68901-280","5,0",1,,,https://www.google.com/maps/place/Franklin+%26+Hildebar+Advogados/data=!4m7!3m6!1s0x8d61e1eb1a60b1dd:0x61dc71142ece1adb!8m2!3d0.032167!4d-51.059668!16s%2Fg%2F11y3_h8h2t!19sChIJ3bFgGuvhYY0R2xrOLhRx3GE?authuser=0&hl=pt-BR&rclk=1
Barbosa Costa Advocacia,,(96) 98127-5154,,"Avenida Feliciano Coelho, nº 1321-B - Trem, Macapá - AP, 68901-025","5,0",2,0.0292144,-51.0655878,"https://www.google.com/maps/place/Barbosa+Costa+Advocacia/@0.0292144,-51.0655878,17z/data=!3m1!4b1!4m6!3m5!1s0x8d61e189eda53c7b:0x87867982e14f675e!8m2!3d0.0292144!4d-51.0655878!16s%2Fg%2F11q81kfpjn?authuser=0&hl=pt-BR&entry=ttu&g_ep=EgoyMDI2MDUxMy4wIKXMDSoASAFQAw%3D%3D"
Escritório de Advocacia,,,,"R. Barão de Mauá, 7 - Santa Rita, Macapá - AP, 68901-350","5,0",1,0.0282565,-51.0745518,"https://www.google.com/maps/place/Escrit%C3%B3rio+de+Advocacia/@0.0282565,-51.0745518,17z/data=!3m1!4b1!4m6!3m5!1s0x8d61e10042211025:0x2a582ac493166bfc!8m2!3d0.0282565!4d-51.0745518!16s%2Fg%2F11yf9gt785?authuser=0&hl=pt-BR&entry=ttu&g_ep=EgoyMDI2MDUxMy4wIKXMDSoASAFQAw%3D%3D"
Diego William Advogados Associados,,(96) 98400-9401,https://dwadvogadosassociados.com.br/#SOBRE,"Av. Pedro Baião, 1720 - Santa Rita, Macapá - AP, 68900-116","5,0",6,,,https://www.google.com/maps/place/Diego+William+Advogados+Associados/data=!4m7!3m6!1s0x8d61e1b69325cd89:0x1059c592a7ad4764!8m2!3d0.0305993!4d-51.0696665!16s%2Fg%2F11p18htgms!19sChIJic0lk7bhYY0RZEetp5LFWRA?authuser=0&hl=pt-BR&rclk=1
SSRA Advogados,,(96) 3242-7925,,"esquina com a 17 de julho - Rua Claudomiro de Moraes, 989b - Novo Buritizal, Macapá - AP, 68904-001","4,5",2,0.0174524,-51.0797711,"https://www.google.com/maps/place/SSRA+Advogados/@0.0174524,-51.0797711,17z/data=!3m1!4b1!4m6!3m5!1s0x8d61e1977d4c57e5:0x394f327960b6322a!8m2!3d0.0174524!4d-51.0797711!16s%2Fg%2F11c1xqntd9?authuser=0&hl=pt-BR&entry=ttu&g_ep=EgoyMDI2MDUxMy4wIKXMDSoASAFQAw%3D%3D"
Lordeiro Advocacia,,(96) 99108-4993,https://alveseteixeira.com.br/indenizacao-por-voo-atrasado,"Av. Anhanguera, 1549 - Buritizal, Macapá - AP, 68902-860","5,0",13,,,https://www.google.com/maps/place/Lordeiro+Advocacia/data=!4m7!3m6!1s0x8d61e1f80484c65d:0xb400f4c8be65adc3!8m2!3d0.0212498!4d-51.0732972!16s%2Fg%2F11rn4n90dc!19sChIJXcaEBPjhYY0Rw61lvsj0ALQ?authuser=0&hl=pt-BR&rclk=1
WN ADVOCACIA,,(96) 99156-8615,https://wa.me/message/M42UKOE76MIXI1,"Av. Pedro Baião - Centro, Macapá - AP, 68900-116","5,0",7,,,https://www.google.com/maps/place/WN+ADVOCACIA/data=!4m7!3m6!1s0xa8cd50463ff723ed:0x7252a5dae1564097!8m2!3d0.0301203!4d-51.0614687!16s%2Fg%2F11kqxl41d0!19sChIJ7SP3P0ZQzagRl0BW4dqlUnI?authuser=0&hl=pt-BR&rclk=1
Danielle Xavier Ribeiro,,(96) 99811-5402,,"R. Odilardo Silva, 3008 - Trem, Macapá - AP, 68901-017","5,0",2,0.0249187,-51.0590984,"https://www.google.com/maps/place/Danielle+Xavier+Ribeiro/@0.0249187,-51.0590984,17z/data=!3m1!4b1!4m6!3m5!1s0x8d61e1ac1cd7159d:0x4efb05b9a3a70055!8m2!3d0.0249187!4d-51.0590984!16s%2Fg%2F11cks152sd?authuser=0&hl=pt-BR&entry=ttu&g_ep=EgoyMDI2MDUxMy4wIKXMDSoASAFQAw%3D%3D"
Oliveira & Farias Advocacia e Consultoria Jurídica,,(96) 98104-0437,,"Av. dos Timbiras, 949 - Sala E - Buritizal, Macapá - AP, 68902-335","5,0",3,0.0149897,-51.0717555,"https://www.google.com/maps/place/Oliveira+%26+Farias+Advocacia+e+Consultoria+Jur%C3%ADdica/@0.0149897,-51.0717555,17z/data=!3m1!4b1!4m6!3m5!1s0x8d61e1bf7024a1e3:0xa7b083fd1d9a1c0e!8m2!3d0.0149897!4d-51.0717555!16s%2Fg%2F11byygsdcq?authuser=0&hl=pt-BR&entry=ttu&g_ep=EgoyMDI2MDUxMy4wIKXMDSoASAFQAw%3D%3D"
Escritório de Advocacia C & R,,(96) 98134-7186,,"Av. Pedro Lazarino, 934 - Buritizal, Macapá - AP, 68902-862","5,0",5,0.021908,-51.0664499,"https://www.google.com/maps/place/Escrit%C3%B3rio+de+Advocacia+C+%26+R/@0.021908,-51.0664499,17z/data=!3m1!4b1!4m6!3m5!1s0x8d61e1a53279f1f7:0x5a6a16901f8f80e5!8m2!3d0.021908!4d-51.0664499!16s%2Fg%2F11bwh5ggm_?authuser=0&hl=pt-BR&entry=ttu&g_ep=EgoyMDI2MDUxMy4wIKXMDSoASAFQAw%3D%3D"
A&M Amaral & Monteiro Advocacia,,(96) 99175-1200,,"Av. 13 de Setembro, 1646 C - Buritizal, Macapá - AP, 68902-865","4,8",6,0.0230571,-51.0721299,"https://www.google.com/maps/place/A%26M+Amaral+%26+Monteiro+Advocacia/@0.0230571,-51.0721299,17z/data=!3m1!4b1!4m6!3m5!1s0x8d61e1a31ce4b9b9:0xfc6544a63c4f6a7c!8m2!3d0.0230571!4d-51.0721299!16s%2Fg%2F11cks82tth?authuser=0&hl=pt-BR&entry=ttu&g_ep=EgoyMDI2MDUxMy4wIKXMDSoASAFQAw%3D%3D"
Sirotheau & Monteiro Advocacia,,(96) 3331-7147,,"Av. Antônio Coelho de Carvalho, 2392 - Santa Rita, Macapá - AP, 68901-280","5,0",2,0.0330618,-51.0725347,"https://www.google.com/maps/place/Sirotheau+%26+Monteiro+Advocacia/@0.0330618,-51.0725347,17z/data=!3m1!4b1!4m6!3m5!1s0x8d61e10c87ac989d:0xa25708f1fdb295fa!8m2!3d0.0330618!4d-51.0725347!16s%2Fg%2F11ty52q3qv?authuser=0&hl=pt-BR&entry=ttu&g_ep=EgoyMDI2MDUxMy4wIKXMDSoASAFQAw%3D%3D"
J M Assessoria Jurídica,,(96) 98112-5789,https://j-m-assessoria-juridica.ueniweb.com/?utm_campaign=gmb,"Av. Henrique Galucio, 1389 - De Tro, Macapá - AP, 68900-115","3,0",2,,,https://www.google.com/maps/place/J+M+Assessoria+Jur%C3%ADdica/data=!4m7!3m6!1s0x8d61e1ba051463b3:0x3c71fe87c4c44b8f!8m2!3d0.0312975!4d-51.0629188!16s%2Fg%2F11jcyh24zd!19sChIJs2MUBbrhYY0Rj0vExIf-cTw?authuser=0&hl=pt-BR&rclk=1
COSTA FERREIRA PANTOJA Advogados,,(96) 99184-8431,,"Avenida Feliciano Coelho, nº 1133-C - Trem, Macapá - AP, 68901-025",,,0.0290878,-51.063882,"https://www.google.com/maps/place/COSTA+FERREIRA+PANTOJA+Advogados/@0.0290878,-51.063882,17z/data=!3m1!4b1!4m6!3m5!1s0x8d61e118f153af57:0x4bbda5f7b03b0c5a!8m2!3d0.0290878!4d-51.063882!16s%2Fg%2F11kzkk1hwj?authuser=0&hl=pt-BR&entry=ttu&g_ep=EgoyMDI2MDUxMy4wIKXMDSoASAFQAw%3D%3D"
Neves&Souza Advocacia,,(96) 98133-2526,,"Av. Felíciano Coelho, 1630 - Trem, Macapá - AP, 68901-025","5,0",1,0.0298666,-51.0682485,"https://www.google.com/maps/place/Neves%26Souza+Advocacia/@0.0298666,-51.0682485,17z/data=!3m1!4b1!4m6!3m5!1s0x8d61e13300e4a555:0xcadcdbdeea3f0a3e!8m2!3d0.0298666!4d-51.0682485!16s%2Fg%2F11h7b5s59v?authuser=0&hl=pt-BR&entry=ttu&g_ep=EgoyMDI2MDUxMy4wIKXMDSoASAFQAw%3D%3D"
Estudio Taruma,,,,"Av. José Trajano de Souza, 296 - Santa Ines, Macapá - AP, 68901-480","5,0",1,0.0239362,-51.0564528,"https://www.google.com/maps/place/Estudio+Taruma/@0.0239362,-51.0564528,17z/data=!3m1!4b1!4m6!3m5!1s0x8d61e1acf97657f3:0xc0a1ac533d6521a2!8m2!3d0.0239362!4d-51.0564528!16s%2Fg%2F11hb5wb6t3?authuser=0&hl=pt-BR&entry=ttu&g_ep=EgoyMDI2MDUxMy4wIKXMDSoASAFQAw%3D%3D"
Fortunato Marcas e Patentes,,(96) 99128-9428,,"R. Leopoldo Machado, 3591 - Beirol, Macapá - AP, 68902-020","3,9",8,0.0198815,-51.063218,"https://www.google.com/maps/place/Fortunato+Marcas+e+Patentes/@0.0198815,-51.063218,17z/data=!3m1!4b1!4m6!3m5!1s0x8d61e1b0f537888d:0x32bbdc81dc50aa6!8m2!3d0.0198815!4d-51.063218!16s%2Fg%2F11c3sw6rd2?authuser=0&hl=pt-BR&entry=ttu&g_ep=EgoyMDI2MDUxMy4wIKXMDSoASAFQAw%3D%3D"
Domício Campos de Magalhães,,(96) 3242-3320,,"Av. Diógenes Silva, 2015 - Trem, Macapá - AP, 68906-000","5,0",2,0.0259983,-51.0739325,"https://www.google.com/maps/place/Dom%C3%ADcio+Campos+de+Magalh%C3%A3es/@0.0259983,-51.0739325,17z/data=!3m1!4b1!4m6!3m5!1s0x8d61e1a1bfb63ea3:0x7f3e3f9f73c4ad29!8m2!3d0.0259983!4d-51.0739325!16s%2Fg%2F1vpq7yk5?authuser=0&hl=pt-BR&entry=ttu&g_ep=EgoyMDI2MDUxMy4wIKXMDSoASAFQAw%3D%3D"
Pablo Nery Sociedade unipessoal de advocacia,,(96) 99166-1127,,"Av. Felipe Camarão, 1183-A - Trem, Macapá - AP, 68901-111","4,3",3,0.0234824,-51.0716423,"https://www.google.com/maps/place/Pablo+Nery+Sociedade+unipessoal+de+advocacia/@0.0234824,-51.0716423,17z/data=!3m1!4b1!4m6!3m5!1s0x8d61e1eb79fb22e9:0x6e1772c5d13742b4!8m2!3d0.0234824!4d-51.0716423!16s%2Fg%2F11gyczq7l9?authuser=0&hl=pt-BR&entry=ttu&g_ep=EgoyMDI2MDUxMy4wIKXMDSoASAFQAw%3D%3D"